zip_code,total_pop,median_income,white_nh,black_nh,native_nh,asian_nh,hawaiian_nh,other_nh,biracial_nh,multiracial_nh,white_h,black_h,native_h,asian_h,hawaiian_h,other_h,biracial_h,multiracial_h,state,white_percentage,black_percentage,native_percentage,asian_percentage,other_percentage,biracial_percentage,multiracial_percentage
05738,1171,39208,1098,0,2,22,0,32,0,32,17,0,0,0,0,0,0,0,50,0.9521776259607173,0.0,0.0017079419299743809,0.018787361229718188,0.027327070879590094,0.0,0.027327070879590094
05742,616,34167,616,0,0,0,0,0,0,0,0,0,0,0,0,0,0,0,50,1.0,0.0,0.0,0.0,0.0,0.0,0.0
05767,1065,28355,1051,0,3,0,0,6,0,6,5,0,0,0,0,0,0,0,50,0.9915492957746479,0.0,0.0028169014084507044,0.0,0.005633802816901409,0.0,0.005633802816901409
05820,498,22841,466,0,0,0,0,7,0,7,25,0,0,0,0,0,0,0,50,0.9859437751004017,0.0,0.0,0.0,0.014056224899598393,0.0,0.014056224899598393
05827,319,24792,263,1,0,1,0,32,0,32,22,0,0,0,0,0,0,0,50,0.8934169278996865,0.003134796238244514,0.0,0.003134796238244514,0.10031347962382445,0.0,0.10031347962382445
05867,935,29861,876,6,0,0,0,26,0,26,0,0,0,0,0,4,0,23,50,0.9368983957219251,0.006417112299465241,0.0,0.0,0.03208556149732621,0.0,0.052406417112299465
05444,1678,37308,1608,0,5,0,0,19,0,19,35,4,0,0,0,0,0,7,50,0.9791418355184743,0.0023837902264600714,0.0029797377830750892,0.0,0.01132300357568534,0.0,0.015494636471990465
05456,1174,32111,1142,0,0,0,0,26,0,26,3,0,3,0,0,0,0,0,50,0.975298126064736,0.0,0.002555366269165247,0.0,0.022146507666098807,0.0,0.022146507666098807
05457,1590,35000,1468,0,13,43,0,44,0,44,14,0,0,0,0,0,8,0,50,0.9320754716981132,0.0,0.008176100628930818,0.027044025157232705,0.027672955974842768,0.005031446540880503,0.027672955974842768
05461,4672,42288,4638,13,0,0,11,0,0,0,0,0,10,0,0,0,0,0,50,0.992722602739726,0.0027825342465753423,0.0021404109589041095,0.0,0.0,0.0,0.0
05486,1717,40641,1622,30,11,14,0,14,0,14,26,0,0,0,0,0,0,0,50,0.9598136284216657,0.017472335468841003,0.0064065230052417,0.008153756552125802,0.008153756552125802,0.0,0.008153756552125802
05488,7752,30511,7330,10,84,6,0,278,0,278,27,0,0,0,0,15,2,0,50,0.949045407636739,0.0012899896800825593,0.010835913312693499,0.0007739938080495357,0.03779669762641899,0.00025799793601651185,0.03586171310629515
05651,1418,35652,1324,23,0,0,0,54,0,54,9,0,0,0,0,8,0,0,50,0.9400564174894217,0.01622002820874471,0.0,0.0,0.04372355430183357,0.0,0.0380818053596615
05652,718,25848,696,9,3,0,0,10,0,10,0,0,0,0,0,0,0,0,50,0.9693593314763231,0.012534818941504178,0.004178272980501393,0.0,0.013927576601671309,0.0,0.013927576601671309
05654,1042,20893,892,100,0,0,0,50,0,50,0,0,0,0,0,0,0,0,50,0.8560460652591171,0.09596928982725528,0.0,0.0,0.04798464491362764,0.0,0.04798464491362764
05667,2133,31698,1949,4,0,77,10,78,0,78,15,0,0,0,0,0,0,0,50,0.9207688701359588,0.001875293014533521,0.0,0.03609939052977028,0.03656821378340366,0.0,0.03656821378340366
05676,4572,40039,4296,5,10,127,0,76,8,68,45,0,0,0,0,3,0,0,50,0.949475065616798,0.0010936132983377078,0.0021872265966754157,0.027777777777777776,0.01727909011373578,0.0017497812773403325,0.014873140857392825
05677,2533,36181,2439,0,0,0,0,44,0,44,50,0,0,0,0,0,0,0,50,0.9826292933280695,0.0,0.0,0.0,0.017370706671930518,0.0,0.017370706671930518
05678,239,-666666666,232,0,0,0,0,0,0,0,7,0,0,0,0,0,0,0,50,1.0,0.0,0.0,0.0,0.0,0.0,0.0
05743,3837,29110,3702,0,0,9,0,37,0,37,85,0,0,0,0,4,0,0,50,0.9869689861871254,0.0,0.0,0.0023455824863174357,0.010685431326557205,0.0,0.009642950221527235
05748,337,28750,302,0,0,2,0,9,0,9,3,0,0,0,0,3,0,0,50,0.9050445103857567,0.0,0.0,0.005934718100890208,0.03560830860534125,0.0,0.026706231454005934
05778,664,30362,655,6,0,2,0,0,0,0,1,0,0,0,0,0,0,0,50,0.9879518072289156,0.009036144578313253,0.0,0.0030120481927710845,0.0,0.0,0.0
05825,68,30179,66,0,0,0,0,2,2,0,0,0,0,0,0,0,0,0,50,0.9705882352941176,0.0,0.0,0.0,0.029411764705882353,0.029411764705882353,0.0
05833,251,32933,251,0,0,0,0,0,0,0,0,0,0,0,0,0,0,0,50,1.0,0.0,0.0,0.0,0.0,0.0,0.0
05857,2530,27099,2476,12,5,8,0,14,0,14,0,0,0,0,0,0,0,7,50,0.9786561264822135,0.0047430830039525695,0.001976284584980237,0.0031620553359683794,0.005533596837944664,0.0,0.008300395256916997
05872,848,23542,813,0,4,0,0,31,0,31,0,0,0,0,0,0,0,0,50,0.9587264150943396,0.0,0.0047169811320754715,0.0,0.036556603773584904,0.0,0.036556603773584904
05873,606,40326,560,32,0,0,0,0,0,0,10,4,0,0,0,0,0,0,50,0.9405940594059405,0.0594059405940594,0.0,0.0,0.0,0.0,0.0
05902,193,19500,184,0,0,0,0,9,0,9,0,0,0,0,0,0,0,0,50,0.9533678756476683,0.0,0.0,0.0,0.046632124352331605,0.0,0.046632124352331605
05052,238,43594,238,0,0,0,0,0,0,0,0,0,0,0,0,0,0,0,50,1.0,0.0,0.0,0.0,0.0,0.0,0.0
05089,4256,30316,4102,10,0,11,0,31,0,31,44,0,0,0,0,40,0,0,50,0.9741541353383458,0.002349624060150376,0.0,0.0025845864661654134,0.01668233082706767,0.0,0.007283834586466165
05151,1539,33641,1444,21,0,0,0,67,0,67,7,0,0,0,0,0,0,0,50,0.9428200129954516,0.01364522417153996,0.0,0.0,0.043534762833008445,0.0,0.043534762833008445
05346,5030,27252,4682,102,43,20,0,69,0,69,39,7,0,0,0,62,6,0,50,0.9385685884691849,0.021669980119284293,0.008548707753479125,0.003976143141153081,0.026043737574552684,0.0011928429423459245,0.01371769383697813
05355,709,32963,654,0,17,0,0,28,0,28,10,0,0,0,0,0,0,0,50,0.9365303244005642,0.0,0.023977433004231313,0.0,0.039492242595204514,0.0,0.039492242595204514
05356,577,29861,542,0,0,16,0,10,0,10,9,0,0,0,0,0,0,0,50,0.9549393414211439,0.0,0.0,0.02772963604852686,0.01733102253032929,0.0,0.01733102253032929
05363,1958,27143,1808,0,0,14,0,51,0,51,85,0,0,0,0,0,0,0,50,0.966802860061287,0.0,0.0,0.007150153217568948,0.026046986721144024,0.0,0.026046986721144024
05440,1754,29301,1698,8,13,15,0,20,0,20,0,0,0,0,0,0,0,0,50,0.9680729760547321,0.004561003420752566,0.007411630558722919,0.00855188141391106,0.011402508551881414,0.0,0.011402508551881414
05360,172,40060,156,0,0,0,0,0,0,0,16,0,0,0,0,0,0,0,50,1.0,0.0,0.0,0.0,0.0,0.0,0.0
05042,546,34063,515,8,0,0,0,0,0,0,0,0,0,23,0,0,0,0,50,0.9432234432234432,0.014652014652014652,0.0,0.04212454212454213,0.0,0.0,0.0
05841,364,19107,364,0,0,0,0,0,0,0,0,0,0,0,0,0,0,0,50,1.0,0.0,0.0,0.0,0.0,0.0,0.0
05031,115,-666666666,112,0,0,0,0,3,0,3,0,0,0,0,0,0,0,0,50,0.9739130434782609,0.0,0.0,0.0,0.02608695652173913,0.0,0.02608695652173913
05077,1199,35550,1178,0,9,0,0,8,3,5,4,0,0,0,0,0,0,0,50,0.9858215179316097,0.0,0.007506255212677231,0.0,0.006672226855713094,0.0025020850708924102,0.004170141784820684
05341,450,28611,425,0,0,7,0,18,0,18,0,0,0,0,0,0,0,0,50,0.9444444444444444,0.0,0.0,0.015555555555555555,0.04,0.0,0.04
05751,675,39750,589,0,0,72,0,5,5,0,0,0,0,0,0,5,0,0,50,0.8725925925925926,0.0,0.0,0.10666666666666667,0.014814814814814815,0.007407407407407408,0.0
05757,858,33125,821,0,0,9,0,8,0,8,9,0,0,0,0,11,0,0,50,0.9673659673659674,0.0,0.0,0.01048951048951049,0.022144522144522144,0.0,0.009324009324009324
05846,1206,22321,1152,0,0,14,0,37,0,37,3,0,0,0,0,0,0,0,50,0.9577114427860697,0.0,0.0,0.011608623548922056,0.03067993366500829,0.0,0.03067993366500829
05450,5237,31106,4793,95,42,30,0,149,0,149,106,0,0,0,0,22,0,0,50,0.9354592323849532,0.018140156578193622,0.008019858697727707,0.005728470498376934,0.03265228184074852,0.0,0.028451403475272103
05462,1966,42349,1847,7,0,26,0,33,0,33,29,10,0,0,0,0,0,0,50,0.9542217700915565,0.008646998982706003,0.0,0.013224821973550356,0.0167853509664293,0.0,0.0167853509664293
05463,421,35000,415,0,0,0,0,0,0,0,0,0,0,0,0,6,0,0,50,0.9857482185273159,0.0,0.0,0.0,0.014251781472684086,0.0,0.0
05655,2940,35781,2810,0,19,36,0,48,0,48,27,0,0,0,0,0,0,0,50,0.9649659863945578,0.0,0.006462585034013605,0.012244897959183673,0.0163265306122449,0.0,0.0163265306122449
05656,3606,18731,3454,50,20,18,0,26,0,26,20,0,0,0,0,15,0,3,50,0.9633943427620633,0.013865779256794232,0.005546311702717693,0.004991680532445923,0.01136993899057127,0.0,0.008042151968940654
05681,370,36033,358,0,0,0,5,7,0,7,0,0,0,0,0,0,0,0,50,0.9675675675675676,0.0,0.0,0.0,0.01891891891891892,0.0,0.01891891891891892
05735,4392,19179,4259,41,0,27,0,43,6,37,15,3,0,0,0,4,0,0,50,0.9731329690346083,0.010018214936247723,0.0,0.006147540983606557,0.010701275045537341,0.001366120218579235,0.008424408014571949
05050,164,33438,164,0,0,0,0,0,0,0,0,0,0,0,0,0,0,0,50,1.0,0.0,0.0,0.0,0.0,0.0,0.0
05141,232,21813,204,0,0,0,0,8,0,8,20,0,0,0,0,0,0,0,50,0.9655172413793104,0.0,0.0,0.0,0.034482758620689655,0.0,0.034482758620689655
05405,4391,3288,3814,51,4,306,0,102,0,102,97,7,0,0,0,10,0,0,50,0.890685493053974,0.013208836255978138,0.0009109542245502164,0.06968799817809156,0.02550671828740606,0.0,0.023229332726030515
05408,9604,34663,7931,472,3,562,0,327,0,327,241,36,0,0,0,22,10,0,50,0.8508954602249063,0.052894627238650564,0.0003123698458975427,0.05851728446480633,0.0363390254060808,0.0010412328196584756,0.03404831320283215
05439,1455,3566,1292,38,0,18,4,12,0,12,55,12,0,0,0,24,0,0,50,0.9257731958762887,0.03436426116838488,0.0,0.012371134020618556,0.024742268041237112,0.0,0.008247422680412371
05447,88,21250,85,0,0,0,0,3,0,3,0,0,0,0,0,0,0,0,50,0.9659090909090909,0.0,0.0,0.0,0.03409090909090909,0.0,0.03409090909090909
05481,0,-666666666,0,0,0,0,0,0,0,0,0,0,0,0,0,0,0,0,50,,,,,,,
05485,96,40000,86,0,0,0,0,10,0,10,0,0,0,0,0,0,0,0,50,0.8958333333333334,0.0,0.0,0.0,0.10416666666666667,0.0,0.10416666666666667
05740,27,-666666666,27,0,0,0,0,0,0,0,0,0,0,0,0,0,0,0,50,1.0,0.0,0.0,0.0,0.0,0.0,0.0
05850,267,30401,127,0,0,0,0,87,0,87,0,0,0,0,0,53,0,0,50,0.4756554307116105,0.0,0.0,0.0,0.5243445692883895,0.0,0.3258426966292135
05862,307,27868,292,6,7,0,0,2,0,2,0,0,0,0,0,0,0,0,50,0.9511400651465798,0.019543973941368076,0.02280130293159609,0.0,0.006514657980456026,0.0,0.006514657980456026
05901,10,20714,10,0,0,0,0,0,0,0,0,0,0,0,0,0,0,0,50,1.0,0.0,0.0,0.0,0.0,0.0,0.0
05464,3330,33397,3241,0,8,14,0,45,0,45,22,0,0,0,0,0,0,0,50,0.9798798798798799,0.0,0.0024024024024024023,0.004204204204204204,0.013513513513513514,0.0,0.013513513513513514
05465,5368,48651,5163,38,30,11,0,42,0,42,64,0,0,10,0,10,0,0,50,0.9737332339791356,0.007078986587183309,0.005588673621460507,0.003912071535022355,0.009687034277198211,0.0,0.00782414307004471
05472,1794,32489,1736,0,0,32,0,24,0,24,2,0,0,0,0,0,0,0,50,0.9687848383500557,0.0,0.0,0.017837235228539576,0.013377926421404682,0.0,0.013377926421404682
05487,1668,32333,1580,6,0,17,0,23,0,23,18,0,2,0,0,0,0,0,50,0.9580335731414868,0.0035971223021582736,0.001199040767386091,0.010191846522781775,0.013788968824940047,0.0,0.013788968824940047
05489,3361,42537,3203,8,0,39,0,96,0,96,15,0,0,0,0,0,0,0,50,0.957453138946742,0.0023802439750074383,0.0,0.011603689378161261,0.02856292770008926,0.0,0.02856292770008926
05491,5750,34104,5517,7,20,5,14,73,0,73,97,0,0,0,0,0,2,0,50,0.9763478260869565,0.001217391304347826,0.0034782608695652175,0.0008695652173913044,0.012695652173913044,0.00034782608695652176,0.012695652173913044
05602,11758,39111,10948,123,21,140,0,271,0,271,226,0,0,5,0,10,0,14,50,0.9503316890627658,0.010460962748766798,0.001786018030277258,0.012332029256676305,0.02389862221466236,0.0,0.02423881612519136
05070,526,38750,489,26,0,5,0,6,0,6,0,0,0,0,0,0,0,0,50,0.9296577946768061,0.049429657794676805,0.0,0.009505703422053232,0.011406844106463879,0.0,0.011406844106463879
05053,403,41477,394,0,1,3,0,3,0,3,2,0,0,0,0,0,0,0,50,0.9826302729528535,0.0,0.0024813895781637717,0.007444168734491315,0.007444168734491315,0.0,0.007444168734491315
05058,352,37946,350,0,0,0,0,0,0,0,0,0,0,0,0,2,0,0,50,0.9943181818181818,0.0,0.0,0.0,0.005681818181818182,0.0,0.0
05059,427,-666666666,427,0,0,0,0,0,0,0,0,0,0,0,0,0,0,0,50,1.0,0.0,0.0,0.0,0.0,0.0,0.0
05072,474,37083,431,30,0,0,0,12,0,12,1,0,0,0,0,0,0,0,50,0.9113924050632911,0.06329113924050633,0.0,0.0,0.02531645569620253,0.0,0.02531645569620253
05101,4434,24900,4034,163,15,16,0,73,0,73,124,0,0,0,0,0,9,0,50,0.9377537212449256,0.036761389264772217,0.0033829499323410014,0.0036084799278304014,0.016463689670726207,0.0020297699594046007,0.016463689670726207
05146,637,31722,600,0,0,13,2,12,0,12,10,0,0,0,0,0,0,0,50,0.957613814756672,0.0,0.0,0.02040816326530612,0.018838304552590265,0.0,0.018838304552590265
05739,1390,28361,1339,0,0,11,0,14,0,14,24,0,0,0,0,0,0,0,50,0.9805755395683453,0.0,0.0,0.007913669064748202,0.010071942446043165,0.0,0.010071942446043165
05747,308,31250,300,0,0,0,0,5,0,5,3,0,0,0,0,0,0,0,50,0.9837662337662337,0.0,0.0,0.0,0.016233766233766232,0.0,0.016233766233766232
05772,640,39107,640,0,0,0,0,0,0,0,0,0,0,0,0,0,0,0,50,1.0,0.0,0.0,0.0,0.0,0.0,0.0
05775,489,25050,427,22,26,0,0,14,0,14,0,0,0,0,0,0,0,0,50,0.8732106339468303,0.044989775051124746,0.053169734151329244,0.0,0.028629856850715747,0.0,0.028629856850715747
05824,1156,27115,1107,2,3,8,0,16,0,16,13,0,0,0,0,7,0,0,50,0.9688581314878892,0.0017301038062283738,0.0025951557093425604,0.006920415224913495,0.019896193771626297,0.0,0.01384083044982699
05843,2462,27872,2251,71,0,6,0,119,0,119,15,0,0,0,0,0,0,0,50,0.9203899268887084,0.028838342810722988,0.0,0.002437043054427295,0.04833468724614135,0.0,0.04833468724614135
05847,787,27308,750,14,0,0,0,6,0,6,11,0,0,0,0,0,0,0,50,0.9669631512071156,0.017789072426937738,0.0,0.0,0.007623888182973317,0.0,0.007623888182973317
05874,604,25430,568,0,17,3,0,16,0,16,0,0,0,0,0,0,0,0,50,0.9403973509933775,0.0,0.028145695364238412,0.004966887417218543,0.026490066225165563,0.0,0.026490066225165563
05875,359,29417,338,0,0,0,0,0,0,0,13,0,0,0,0,0,0,8,50,0.9777158774373259,0.0,0.0,0.0,0.0,0.0,0.022284122562674095
05907,127,23542,118,0,0,2,0,7,0,7,0,0,0,0,0,0,0,0,50,0.9291338582677166,0.0,0.0,0.015748031496062992,0.05511811023622047,0.0,0.05511811023622047
05764,3281,26160,3086,68,0,28,0,61,1,60,4,0,23,0,0,11,0,0,50,0.941786040841207,0.02072538860103627,0.007010057909174032,0.00853398354160317,0.02194452910697958,0.00030478512648582747,0.01828710758914965
05766,524,40556,481,0,11,0,0,9,0,9,23,0,0,0,0,0,0,0,50,0.9618320610687023,0.0,0.02099236641221374,0.0,0.01717557251908397,0.0,0.01717557251908397
05776,645,29079,590,0,0,2,0,0,0,0,53,0,0,0,0,0,0,0,50,0.9968992248062015,0.0,0.0,0.0031007751937984496,0.0,0.0,0.0
05777,3414,31349,3294,6,5,4,0,15,0,15,90,0,0,0,0,0,0,0,50,0.9912126537785588,0.0017574692442882249,0.0014645577035735209,0.0011716461628588166,0.004393673110720563,0.0,0.004393673110720563
05150,634,-666666666,549,0,0,0,0,64,0,64,21,0,0,0,0,0,0,0,50,0.8990536277602523,0.0,0.0,0.0,0.10094637223974763,0.0,0.10094637223974763
05152,319,31250,284,0,0,14,0,0,0,0,21,0,0,0,0,0,0,0,50,0.9561128526645768,0.0,0.0,0.0438871473354232,0.0,0.0,0.0
05254,206,-666666666,174,0,0,7,0,25,0,25,0,0,0,0,0,0,0,0,50,0.8446601941747572,0.0,0.0,0.03398058252427184,0.12135922330097088,0.0,0.12135922330097088
05255,4047,32831,3916,47,29,28,0,27,0,27,0,0,0,0,0,0,0,0,50,0.9676303434642946,0.011613540894489745,0.00716580182851495,0.006918705213738572,0.006671608598962194,0.0,0.006671608598962194
05458,2172,37487,1882,15,9,2,0,184,0,184,62,0,0,0,0,0,0,18,50,0.8950276243093923,0.006906077348066298,0.004143646408839779,0.0009208103130755065,0.0847145488029466,0.0,0.09300184162062615
05471,559,24779,548,0,6,0,0,0,0,0,5,0,0,0,0,0,0,0,50,0.9892665474060823,0.0,0.01073345259391771,0.0,0.0,0.0,0.0
05473,1451,44615,1434,0,0,3,0,4,0,4,10,0,0,0,0,0,0,0,50,0.9951757408683667,0.0,0.0,0.002067539627842867,0.0027567195037904893,0.0,0.0027567195037904893
05474,946,45344,888,5,4,5,0,16,0,16,23,0,5,0,0,0,0,0,50,0.9630021141649049,0.005285412262156448,0.009513742071881607,0.005285412262156448,0.016913319238900635,0.0,0.016913319238900635
05482,7777,51378,7267,72,0,85,0,117,0,117,192,0,44,0,0,0,0,0,50,0.9591101967339591,0.009258068664009259,0.005657708628005658,0.010929664395010929,0.015044361579015045,0.0,0.015044361579015045
05494,1921,45559,1838,0,0,2,0,45,0,45,30,0,0,0,0,3,0,0,50,0.9724102030192608,0.0,0.0,0.001041124414367517,0.024986985944820406,0.0,0.02342529932326913
05647,1053,28219,971,0,0,23,0,59,0,59,0,0,0,0,0,0,0,0,50,0.9221272554605888,0.0,0.0,0.02184235517568851,0.0560303893637227,0.0,0.0560303893637227
05657,60,54167,60,0,0,0,0,0,0,0,0,0,0,0,0,0,0,0,50,1.0,0.0,0.0,0.0,0.0,0.0,0.0
05658,1459,31750,1377,0,0,18,6,27,0,27,22,0,0,0,0,0,0,0,50,0.9588759424263193,0.0,0.0,0.01233721727210418,0.018505825908156272,0.0,0.018505825908156272
05660,1743,42827,1697,0,0,6,5,12,0,12,17,0,0,0,0,0,0,6,50,0.9833620195065979,0.0,0.0,0.0034423407917383822,0.0068846815834767644,0.0,0.010327022375215147
05661,5826,34742,5347,152,27,18,0,82,12,70,25,83,0,0,0,0,0,92,50,0.9220734637830416,0.040336422931685545,0.004634397528321318,0.003089598352214212,0.014074836937864744,0.0020597322348094747,0.027806385169927908
05680,2233,31654,2177,4,0,0,0,13,0,13,15,0,0,0,0,24,0,0,50,0.9816390506045678,0.0017913121361397223,0.0,0.0,0.016569637259292433,0.0,0.005821764442454098
05154,461,27813,443,1,0,0,0,11,0,11,6,0,0,0,0,0,0,0,50,0.9739696312364425,0.0021691973969631237,0.0,0.0,0.02386117136659436,0.0,0.02386117136659436
05161,606,37070,560,5,0,3,0,27,0,27,0,0,0,0,0,2,0,9,50,0.9240924092409241,0.00825082508250825,0.0,0.0049504950495049506,0.04785478547854786,0.0,0.0594059405940594
05201,14084,26119,13118,85,22,64,92,273,0,273,319,49,0,0,0,56,0,0,50,0.9540613462084635,0.009514342516330588,0.0015620562340244249,0.004544163589889236,0.023359840954274354,0.0,0.019383697813121274
05252,312,30500,283,0,0,0,0,24,0,24,5,0,0,0,0,0,0,0,50,0.9230769230769231,0.0,0.0,0.0,0.07692307692307693,0.0,0.07692307692307693
05253,585,34688,540,0,0,0,0,3,0,3,42,0,0,0,0,0,0,0,50,0.9948717948717949,0.0,0.0,0.0,0.005128205128205128,0.0,0.005128205128205128
05257,2932,18661,2544,52,0,76,0,133,75,58,49,0,28,0,0,3,0,0,50,0.8843792633015006,0.017735334242837655,0.009549795361527967,0.02592087312414734,0.04638472032742155,0.02557980900409277,0.019781718963165076
05343,718,33550,681,14,23,0,0,0,0,0,0,0,0,0,0,0,0,0,50,0.9484679665738162,0.019498607242339833,0.03203342618384401,0.0,0.0,0.0,0.0
05492,661,32841,643,5,0,0,0,13,0,13,0,0,0,0,0,0,0,0,50,0.972768532526475,0.007564296520423601,0.0,0.0,0.019667170953101363,0.0,0.019667170953101363
05640,155,37875,153,0,0,0,0,2,0,2,0,0,0,0,0,0,0,0,50,0.9870967741935484,0.0,0.0,0.0,0.012903225806451613,0.0,0.012903225806451613
05443,6744,35360,6445,56,0,65,0,77,0,77,20,62,11,0,0,8,0,0,50,0.9586298932384342,0.01749703440094899,0.001631079478054567,0.009638196915776987,0.01260379596678529,0.0,0.011417556346381969
05478,14845,33281,13900,149,0,142,0,407,24,383,181,0,66,0,0,0,0,0,50,0.948534860222297,0.010037049511620074,0.004445941394408892,0.009565510272819131,0.027416638598854834,0.0016167059616032334,0.0257999326372516
05669,652,30202,636,0,3,7,0,0,0,0,6,0,0,0,0,0,0,0,50,0.9846625766871165,0.0,0.004601226993865031,0.010736196319018405,0.0,0.0,0.0
05675,1112,32500,1008,8,45,9,0,17,0,17,25,0,0,0,0,0,0,0,50,0.9289568345323741,0.007194244604316547,0.040467625899280574,0.008093525179856115,0.015287769784172662,0.0,0.015287769784172662
05679,3347,33241,3303,0,7,0,0,26,0,26,11,0,0,0,0,0,0,0,50,0.9901404242605318,0.0,0.002091425156856887,0.0,0.007768150582611294,0.0,0.007768150582611294
05733,5762,31961,5592,7,28,62,0,25,0,25,40,0,0,0,0,0,8,0,50,0.9774383894481083,0.0012148559527941688,0.004859423811176675,0.010760152724748352,0.0043387712599791736,0.0013884068031933356,0.0043387712599791736
05760,1088,35425,1043,5,4,19,0,0,0,0,0,0,0,0,0,0,0,0,50,0.9586397058823529,0.004595588235294118,0.003676470588235294,0.017463235294117647,0.0,0.0,0.0
05761,904,30192,793,10,0,0,0,71,0,71,8,0,22,0,0,0,0,0,50,0.8860619469026548,0.011061946902654867,0.024336283185840708,0.0,0.07853982300884955,0.0,0.07853982300884955
05765,1713,33965,1697,1,0,0,0,15,0,15,0,0,0,0,0,0,0,0,50,0.9906596614127262,0.0005837711617046118,0.0,0.0,0.008756567425569177,0.0,0.008756567425569177
05774,1016,32012,998,0,0,9,0,9,0,9,0,0,0,0,0,0,0,0,50,0.9822834645669292,0.0,0.0,0.008858267716535433,0.008858267716535433,0.0,0.008858267716535433
05819,9144,25557,8710,29,40,71,0,100,3,97,120,31,0,0,0,21,0,0,50,0.965660542432196,0.006561679790026247,0.004374453193350831,0.007764654418197725,0.013232720909886263,0.00032808398950131233,0.010608048993875765
05822,1516,21574,1466,0,23,0,0,23,0,23,1,0,0,0,0,3,0,0,50,0.9676781002638523,0.0,0.015171503957783642,0.0,0.017150395778364115,0.0,0.015171503957783642
05828,1995,31731,1900,0,8,30,0,33,0,33,24,0,0,0,0,0,0,0,50,0.9644110275689223,0.0,0.0040100250626566416,0.015037593984962405,0.016541353383458645,0.0,0.016541353383458645
05845,1413,25625,1324,18,0,0,0,0,0,0,71,0,0,0,0,0,0,0,50,0.9872611464968153,0.012738853503184714,0.0,0.0,0.0,0.0,0.0
05855,7046,25371,6629,43,33,34,8,197,0,197,102,0,0,0,0,0,0,0,50,0.9552937837070679,0.0061027533352256596,0.004683508373545274,0.004825432869713313,0.027959125745103605,0.0,0.027959125745103605
05858,442,19214,437,0,0,0,0,0,0,0,5,0,0,0,0,0,0,0,50,1.0,0.0,0.0,0.0,0.0,0.0,0.0
05859,1752,28286,1669,21,25,4,0,2,0,2,31,0,0,0,0,0,0,0,50,0.9703196347031964,0.011986301369863013,0.014269406392694063,0.00228310502283105,0.001141552511415525,0.0,0.001141552511415525
05866,630,25000,593,0,0,0,0,19,0,19,18,0,0,0,0,0,0,0,50,0.9698412698412698,0.0,0.0,0.0,0.03015873015873016,0.0,0.03015873015873016
05905,736,28589,706,0,3,0,0,18,0,18,7,0,0,0,0,0,0,2,50,0.96875,0.0,0.004076086956521739,0.0,0.024456521739130436,0.0,0.02717391304347826
05001,9319,37127,8535,89,16,255,0,179,0,179,66,11,0,0,0,104,0,54,50,0.9229531065564974,0.010730765103551884,0.0017169224165683014,0.0273634510140573,0.03036806524305183,0.0,0.02500268269127589
05821,1128,31081,1078,6,2,0,0,24,0,24,7,11,0,0,0,0,0,0,50,0.9618794326241135,0.015070921985815602,0.0017730496453900709,0.0,0.02127659574468085,0.0,0.02127659574468085
05826,895,27875,856,3,0,0,0,36,0,36,0,0,0,0,0,0,0,0,50,0.9564245810055866,0.0033519553072625698,0.0,0.0,0.04022346368715084,0.0,0.04022346368715084
05829,1613,25813,1525,0,0,21,0,27,0,27,3,0,0,0,0,37,0,0,50,0.9473031618102914,0.0,0.0,0.013019218846869188,0.03967761934283943,0.0,0.016738995660260384
05837,281,25119,271,4,0,0,0,0,0,0,6,0,0,0,0,0,0,0,50,0.9857651245551602,0.014234875444839857,0.0,0.0,0.0,0.0,0.0
05868,303,29722,303,0,0,0,0,0,0,0,0,0,0,0,0,0,0,0,50,1.0,0.0,0.0,0.0,0.0,0.0,0.0
05903,784,24679,696,61,0,6,0,0,0,0,21,0,0,0,0,0,0,0,50,0.9145408163265306,0.0778061224489796,0.0,0.007653061224489796,0.0,0.0,0.0
05904,249,22917,239,0,10,0,0,0,0,0,0,0,0,0,0,0,0,0,50,0.9598393574297188,0.0,0.040160642570281124,0.0,0.0,0.0,0.0
05906,1402,25813,1363,0,4,0,0,5,0,5,17,0,0,0,0,9,0,0,50,0.9843081312410842,0.0,0.0028530670470756064,0.0,0.009985734664764621,0.0,0.003566333808844508
05663,6562,25509,6100,42,48,37,9,51,0,51,218,23,12,4,0,10,8,0,50,0.962816214568729,0.009905516610789393,0.009143553794574825,0.006248095092959463,0.009295946357817738,0.0012191405059433099,0.007772020725388601
05682,1302,34355,1208,22,32,2,0,28,0,28,7,0,0,0,0,0,0,0,50,0.9331797235023042,0.016897081413210446,0.02457757296466974,0.0015360983102918587,0.021505376344086023,0.0,0.021505376344086023
05762,351,32679,316,0,0,0,0,0,0,0,24,0,0,0,0,11,0,0,50,0.9686609686609686,0.0,0.0,0.0,0.03133903133903134,0.0,0.0
05763,2574,31053,2502,14,0,41,0,17,0,17,0,0,0,0,0,0,0,0,50,0.972027972027972,0.005439005439005439,0.0,0.015928515928515928,0.006604506604506605,0.0,0.006604506604506605
05701,19984,29682,18711,336,25,364,0,218,7,211,308,10,0,0,0,4,0,0,50,0.9517113690952762,0.01731385108086469,0.0012510008006405124,0.01821457165732586,0.01110888710968775,0.00035028022417934345,0.010558446757405925
05641,16542,31625,15823,153,1,39,0,266,0,266,242,0,0,0,0,18,0,0,50,0.971164309031556,0.009249183895538629,6.045218232378189e-05,0.0023576351106274936,0.017168419779954057,0.0,0.016080280498125984
05648,472,49015,470,0,0,0,0,0,0,0,0,0,0,0,0,0,0,0,50,0.9957627118644068,0.0,0.0,0.0,0.0,0.0,0.0
05674,1649,39833,1557,12,0,13,0,34,0,34,33,0,0,0,0,0,0,0,50,0.9642207398423287,0.0072771376591873865,0.0,0.007883565797453002,0.020618556701030927,0.0,0.020618556701030927
05734,1321,32449,1238,41,6,6,0,15,0,15,15,0,0,0,0,0,0,0,50,0.9485238455715367,0.031037093111279335,0.004542013626040878,0.004542013626040878,0.011355034065102196,0.0,0.011355034065102196
05744,657,21630,615,0,0,0,0,0,0,0,0,0,0,0,0,0,0,0,50,0.9360730593607306,0.0,0.0,0.0,0.0,0.0,0.0
05769,1192,36113,1145,0,9,13,0,18,0,18,7,0,0,0,0,0,0,0,50,0.9664429530201343,0.0,0.007550335570469799,0.010906040268456376,0.015100671140939598,0.0,0.015100671140939598
05830,1355,27341,1293,0,3,0,0,24,0,24,13,0,0,0,0,0,0,0,50,0.9638376383763838,0.0,0.002214022140221402,0.0,0.017712177121771217,0.0,0.017712177121771217
05832,902,28547,857,4,8,10,0,23,0,23,0,0,0,0,0,0,0,0,50,0.950110864745011,0.004434589800443459,0.008869179600886918,0.011086474501108648,0.025498891352549888,0.0,0.025498891352549888
05836,1173,30179,1130,20,0,7,0,0,0,0,0,0,0,9,0,0,0,0,50,0.9633418584825234,0.017050298380221655,0.0,0.013640238704177323,0.0,0.0,0.0
05851,6329,23897,6186,44,13,0,0,44,8,36,34,3,0,0,0,0,0,3,50,0.98277768999842,0.007426133670406067,0.002054036972665508,0.0,0.006952125138252488,0.0012640227524095434,0.006162110917996524
05853,482,27708,445,0,3,0,0,4,0,4,30,0,0,0,0,0,0,0,50,0.9854771784232366,0.0,0.006224066390041493,0.0,0.008298755186721992,0.0,0.008298755186721992
05860,2803,27292,2629,38,5,6,0,111,0,111,14,0,0,0,0,0,0,0,50,0.9429183018194791,0.013556903317873707,0.0017838030681412772,0.0021405636817695326,0.039600428112736355,0.0,0.039600428112736355
05871,1464,28176,1395,2,5,0,0,45,0,45,15,0,0,0,0,0,0,0,50,0.9631147540983607,0.001366120218579235,0.0034153005464480873,0.0,0.030737704918032786,0.0,0.030737704918032786
05033,2572,31934,2421,5,0,0,0,19,0,19,75,0,7,0,0,0,0,45,50,0.9704510108864697,0.0019440124416796269,0.0027216174183514776,0.0,0.007387247278382581,0.0,0.024883359253499222
05035,708,30000,708,0,0,0,0,0,0,0,0,0,0,0,0,0,0,0,50,1.0,0.0,0.0,0.0,0.0,0.0,0.0
05036,996,32303,940,0,3,0,0,39,0,39,0,0,0,0,0,0,0,0,50,0.9437751004016064,0.0,0.0030120481927710845,0.0,0.0391566265060241,0.0,0.0391566265060241
05040,618,36667,559,53,0,0,0,6,0,6,0,0,0,0,0,0,0,0,50,0.9045307443365695,0.08576051779935275,0.0,0.0,0.009708737864077669,0.0,0.009708737864077669
05048,2996,32639,2757,38,13,48,0,140,0,140,0,0,0,0,0,0,0,0,50,0.9202269692923899,0.012683578104138851,0.0043391188251001335,0.01602136181575434,0.04672897196261682,0.0,0.04672897196261682
05055,3230,46735,3012,3,0,42,23,31,0,31,68,0,0,0,15,23,0,0,50,0.9535603715170279,0.0009287925696594427,0.0,0.013003095975232198,0.01671826625386997,0.0,0.009597523219814242
05075,974,43125,937,0,0,2,0,35,0,35,0,0,0,0,0,0,0,0,50,0.9620123203285421,0.0,0.0,0.002053388090349076,0.03593429158110883,0.0,0.03593429158110883
05148,975,40504,947,0,0,3,11,9,0,9,0,0,5,0,0,0,0,0,50,0.9712820512820513,0.0,0.005128205128205128,0.003076923076923077,0.009230769230769232,0.0,0.009230769230769232
05153,523,24583,515,4,0,0,0,0,0,0,0,0,0,0,0,0,4,0,50,0.9847036328871893,0.0076481835564053535,0.0,0.0,0.0,0.0076481835564053535,0.0
05155,850,30045,804,13,0,0,0,21,0,21,3,5,0,0,0,4,0,0,50,0.9494117647058824,0.021176470588235293,0.0,0.0,0.029411764705882353,0.0,0.024705882352941175
05158,1189,40450,1133,17,0,0,0,11,0,11,16,0,0,0,0,0,0,0,50,0.9663582842724979,0.014297729184188394,0.0,0.0,0.009251471825063078,0.0,0.009251471825063078
05352,982,32772,960,0,0,3,0,19,5,14,0,0,0,0,0,0,0,0,50,0.9775967413441955,0.0,0.0,0.003054989816700611,0.019348268839103868,0.0050916496945010185,0.014256619144602852
05358,131,35417,126,0,0,1,0,0,0,0,4,0,0,0,0,0,0,0,50,0.9923664122137404,0.0,0.0,0.007633587786259542,0.0,0.0,0.0
05361,1125,32734,1061,3,0,0,0,50,0,50,11,0,0,0,0,0,0,0,50,0.9528888888888889,0.0026666666666666666,0.0,0.0,0.044444444444444446,0.0,0.044444444444444446
05401,28909,21009,23865,1804,59,1612,12,599,2,597,676,56,0,0,0,24,21,120,50,0.8489051852364315,0.06433982496800304,0.0020408869210280537,0.055761181638935974,0.021550382233906398,0.0007955999861634785,0.024801964786052785
05404,7242,26811,5452,183,18,1216,0,100,5,95,152,14,0,0,14,19,0,0,50,0.7738193869096934,0.0272024302678818,0.0024855012427506215,0.16790941728804198,0.01643192488262911,0.0006904170118751726,0.01311792322562828
05445,3820,49167,3653,47,0,0,0,59,0,59,55,0,0,0,0,0,0,0,50,0.9706806282722513,0.012303664921465968,0.0,0.0,0.015445026178010472,0.0,0.015445026178010472
05454,5076,45341,4960,0,26,24,0,66,0,66,0,0,0,0,0,0,0,0,50,0.9771473601260835,0.0,0.00512214342001576,0.004728132387706856,0.013002364066193853,0.0,0.013002364066193853
05455,1113,40333,998,0,3,0,0,75,0,75,37,0,0,0,0,0,0,0,50,0.9299191374663073,0.0,0.0026954177897574125,0.0,0.0673854447439353,0.0,0.0673854447439353
05034,344,31680,333,0,11,0,0,0,0,0,0,0,0,0,0,0,0,0,50,0.9680232558139535,0.0,0.03197674418604651,0.0,0.0,0.0,0.0
05061,1446,24494,1407,0,0,0,0,20,0,20,10,0,0,0,0,9,0,0,50,0.9799446749654218,0.0,0.0,0.0,0.020055325034578148,0.0,0.013831258644536652
05065,1038,28450,967,25,18,10,0,9,0,9,9,0,0,0,0,0,0,0,50,0.9402697495183044,0.024084778420038536,0.017341040462427744,0.009633911368015413,0.008670520231213872,0.0,0.008670520231213872
05071,146,38250,136,10,0,0,0,0,0,0,0,0,0,0,0,0,0,0,50,0.9315068493150684,0.0684931506849315,0.0,0.0,0.0,0.0,0.0
05081,543,17264,472,0,0,0,28,14,0,14,7,0,0,0,0,0,0,0,50,0.8821362799263351,0.0,0.0,0.0,0.02578268876611418,0.0,0.02578268876611418
05083,309,25733,296,0,0,7,0,6,0,6,0,0,0,0,0,0,0,0,50,0.9579288025889967,0.0,0.0,0.022653721682847898,0.019417475728155338,0.0,0.019417475728155338
05086,728,31382,715,0,9,0,0,0,0,0,4,0,0,0,0,0,0,0,50,0.9876373626373627,0.0,0.012362637362637362,0.0,0.0,0.0,0.0
05149,1950,28775,1803,9,4,4,0,71,0,71,50,0,0,0,0,1,0,8,50,0.9502564102564103,0.004615384615384616,0.0020512820512820513,0.0020512820512820513,0.036923076923076927,0.0,0.04051282051282051
05301,16200,27073,14997,149,0,271,0,429,7,422,180,18,0,0,0,18,35,103,50,0.9368518518518518,0.010308641975308641,0.0,0.016728395061728397,0.027592592592592592,0.0025925925925925925,0.032407407407407406
05342,602,22313,571,5,0,21,0,0,0,0,0,0,0,0,0,5,0,0,50,0.9485049833887044,0.008305647840531562,0.0,0.03488372093023256,0.008305647840531562,0.0,0.0
05353,833,29868,798,0,14,0,0,11,0,11,0,0,0,0,0,10,0,0,50,0.957983193277311,0.0,0.01680672268907563,0.0,0.025210084033613446,0.0,0.013205282112845138
05354,2339,29438,2107,0,0,57,0,41,0,41,129,5,0,0,0,0,0,0,50,0.9559640872167593,0.0021376656690893546,0.0,0.02436938862761864,0.017528858486532708,0.0,0.017528858486532708
05753,10535,23969,8959,315,34,482,0,280,0,280,239,31,0,17,0,133,10,31,50,0.8730897009966777,0.03284290460370195,0.0032273374466065497,0.04736592311343142,0.03920265780730897,0.0009492168960607499,0.02952064546748932
05045,1773,32407,1711,0,9,27,0,17,0,17,9,0,0,0,0,0,0,0,50,0.970107163000564,0.0,0.005076142131979695,0.015228426395939087,0.009588268471517203,0.0,0.009588268471517203
05062,551,26797,548,0,0,0,0,0,0,0,3,0,0,0,0,0,0,0,50,1.0,0.0,0.0,0.0,0.0,0.0,0.0
05068,3215,30647,3155,0,0,5,0,0,0,0,44,0,0,0,0,11,0,0,50,0.9950233281493002,0.0,0.0,0.0015552099533437014,0.003421461897356143,0.0,0.0
05076,426,26161,372,7,0,8,0,39,0,39,0,0,0,0,0,0,0,0,50,0.8732394366197183,0.01643192488262911,0.0,0.018779342723004695,0.09154929577464789,0.0,0.09154929577464789
05084,114,53214,114,0,0,0,0,0,0,0,0,0,0,0,0,0,0,0,50,1.0,0.0,0.0,0.0,0.0,0.0,0.0
05091,3303,36759,3195,29,3,0,0,24,0,24,30,0,0,0,0,17,0,5,50,0.9763851044504995,0.00877989706327581,0.0009082652134423251,0.0,0.01241295791704511,0.0,0.00877989706327581
05758,630,36615,623,0,0,0,0,0,0,0,7,0,0,0,0,0,0,0,50,1.0,0.0,0.0,0.0,0.0,0.0,0.0
05759,1565,30570,1465,6,0,0,0,22,5,17,67,0,0,0,0,5,0,0,50,0.9789137380191694,0.0038338658146964857,0.0,0.0,0.017252396166134186,0.003194888178913738,0.010862619808306708
05770,1001,31046,877,3,18,0,0,18,0,18,38,2,0,0,0,20,25,0,50,0.9140859140859141,0.004995004995004995,0.017982017982017984,0.0,0.03796203796203796,0.024975024975024976,0.017982017982017984
05773,2262,31029,2209,0,0,11,0,16,0,16,26,0,0,0,0,0,0,0,50,0.9880636604774535,0.0,0.0,0.004862953138815208,0.007073386383731211,0.0,0.007073386383731211
05839,735,25081,731,0,0,0,0,0,0,0,4,0,0,0,0,0,0,0,50,1.0,0.0,0.0,0.0,0.0,0.0,0.0
05842,571,30804,539,0,0,0,0,7,0,7,16,0,0,0,0,9,0,0,50,0.9719789842381786,0.0,0.0,0.0,0.028021015761821366,0.0,0.012259194395796848
05032,2419,28890,2322,17,3,0,0,58,0,58,19,0,0,0,0,0,0,0,50,0.9677552707730467,0.007027697395618024,0.0012401818933443572,0.0,0.023976849937990905,0.0,0.023976849937990905
05037,690,45721,673,0,0,0,0,10,0,10,7,0,0,0,0,0,0,0,50,0.9855072463768116,0.0,0.0,0.0,0.014492753623188406,0.0,0.014492753623188406
05039,1131,31656,1087,17,0,0,0,14,0,14,10,0,0,0,0,3,0,0,50,0.9699381078691424,0.015030946065428824,0.0,0.0,0.015030946065428824,0.0,0.01237842617152962
05041,441,26598,441,0,0,0,0,0,0,0,0,0,0,0,0,0,0,0,50,1.0,0.0,0.0,0.0,0.0,0.0,0.0
05043,1086,45077,1027,0,0,2,0,14,0,14,43,0,0,0,0,0,0,0,50,0.9852670349907919,0.0,0.0,0.001841620626151013,0.01289134438305709,0.0,0.01289134438305709
05046,1109,26921,1023,0,0,0,0,56,0,56,30,0,0,0,0,0,0,0,50,0.9495040577096483,0.0,0.0,0.0,0.05049594229035167,0.0,0.05049594229035167
05056,480,30875,480,0,0,0,0,0,0,0,0,0,0,0,0,0,0,0,50,1.0,0.0,0.0,0.0,0.0,0.0,0.0
05060,4417,30211,4212,35,9,0,0,87,0,87,74,0,0,0,0,0,0,0,50,0.9703418609916232,0.00792393026941363,0.0020375820692777906,0.0,0.019696626669685306,0.0,0.019696626669685306
05067,181,38750,178,0,0,3,0,0,0,0,0,0,0,0,0,0,0,0,50,0.9834254143646409,0.0,0.0,0.016574585635359115,0.0,0.0,0.0
05079,686,27396,641,5,7,6,0,23,0,23,0,0,0,0,0,0,0,4,50,0.934402332361516,0.007288629737609329,0.01020408163265306,0.008746355685131196,0.033527696793002916,0.0,0.03935860058309038
05143,4335,29071,4103,69,0,0,0,24,0,24,104,0,0,0,0,0,0,0,50,0.970472895040369,0.01591695501730104,0.0,0.0,0.005536332179930796,0.0,0.005536332179930796
05156,9260,27125,8740,66,14,98,0,201,0,201,73,0,0,0,0,68,0,0,50,0.9517278617710583,0.007127429805615551,0.001511879049676026,0.010583153347732181,0.029049676025917927,0.0,0.021706263498920086
05260,534,26782,534,0,0,0,0,0,0,0,0,0,0,0,0,0,0,0,50,1.0,0.0,0.0,0.0,0.0,0.0,0.0
05261,2491,21891,2487,0,4,0,0,0,0,0,0,0,0,0,0,0,0,0,50,0.9983942191890807,0.0,0.0016057808109193096,0.0,0.0,0.0,0.0
05446,15868,38111,14503,370,19,319,0,155,14,141,261,95,3,0,0,11,19,0,50,0.9304260146206201,0.029304260146206202,0.0013864381144441643,0.020103352659440382,0.01046130577262415,0.0020796571716662467,0.008885807915301235
05350,609,27386,599,0,3,0,0,7,0,7,0,0,0,0,0,0,0,0,50,0.9835796387520526,0.0,0.0049261083743842365,0.0,0.011494252873563218,0.0,0.011494252873563218
05359,574,31028,531,0,0,2,0,36,0,36,5,0,0,0,0,0,0,0,50,0.9337979094076655,0.0,0.0,0.003484320557491289,0.0627177700348432,0.0,0.0627177700348432
05441,812,31484,691,7,26,0,0,59,0,59,10,0,0,0,0,19,0,0,50,0.8633004926108374,0.008620689655172414,0.03201970443349754,0.0,0.0960591133004926,0.0,0.07266009852216748
05459,2133,28657,2041,0,92,0,0,0,0,0,0,0,0,0,0,0,0,0,50,0.956868260665729,0.0,0.04313173933427098,0.0,0.0,0.0,0.0
05468,13786,40994,13191,116,61,16,0,178,0,178,36,0,0,0,0,176,0,12,50,0.9594516175830553,0.008414333381691572,0.004424778761061947,0.0011605977078195271,0.025678224285507038,0.0,0.013782097780356883
05476,3384,24338,3128,0,15,7,0,157,0,157,5,0,59,0,0,0,0,0,50,0.9258274231678487,0.0,0.02186761229314421,0.0020685579196217494,0.04639479905437352,0.0,0.04639479905437352
05650,1248,31279,1189,0,0,2,0,19,0,19,34,0,4,0,0,0,0,0,50,0.9799679487179487,0.0,0.003205128205128205,0.0016025641025641025,0.015224358974358974,0.0,0.015224358974358974
05649,359,30714,336,0,0,0,0,8,0,8,15,0,0,0,0,0,0,0,50,0.9777158774373259,0.0,0.0,0.0,0.022284122562674095,0.0,0.022284122562674095
05653,601,30136,557,0,0,7,0,20,0,20,4,0,0,0,0,0,0,13,50,0.9334442595673876,0.0,0.0,0.011647254575707155,0.033277870216306155,0.0,0.05490848585690516
05664,188,-666666666,188,0,0,0,0,0,0,0,0,0,0,0,0,0,0,0,50,1.0,0.0,0.0,0.0,0.0,0.0,0.0
05672,4426,39344,4129,1,124,118,0,16,0,16,38,0,0,0,0,0,0,0,50,0.9414821509263444,0.00022593764121102577,0.028016267510167194,0.02666064166290104,0.0036150022593764122,0.0,0.0036150022593764122
05673,2419,41727,2244,15,0,9,0,58,0,58,72,0,21,0,0,0,0,0,50,0.9574204216618437,0.0062009094667217855,0.0086812732534105,0.0037205456800330715,0.023976849937990905,0.0,0.023976849937990905
05732,625,37654,622,0,0,0,0,3,0,3,0,0,0,0,0,0,0,0,50,0.9952,0.0,0.0,0.0,0.0048,0.0,0.0048
05038,1315,27500,1218,10,0,0,0,69,0,69,18,0,0,0,0,0,0,0,50,0.9399239543726235,0.0076045627376425855,0.0,0.0,0.05247148288973384,0.0,0.05247148288973384
05051,1641,29095,1616,4,10,0,0,0,0,0,11,0,0,0,0,0,0,0,50,0.9914686166971359,0.002437538086532602,0.006093845216331505,0.0,0.0,0.0,0.0
05069,511,24427,492,6,7,0,0,0,0,0,6,0,0,0,0,0,0,0,50,0.974559686888454,0.011741682974559686,0.0136986301369863,0.0,0.0,0.0,0.0
05142,806,26684,795,0,0,0,0,0,0,0,5,0,0,0,0,6,0,0,50,0.9925558312655087,0.0,0.0,0.0,0.007444168734491315,0.0,0.0
05250,3731,32153,3487,7,0,109,0,47,2,45,67,0,0,0,0,14,0,0,50,0.9525596354864647,0.001876172607879925,0.0,0.029214687751273116,0.016349504154382202,0.0005360493165371214,0.012061109622085233
05251,1092,37368,1092,0,0,0,0,0,0,0,0,0,0,0,0,0,0,0,50,1.0,0.0,0.0,0.0,0.0,0.0,0.0
05262,2251,41649,2246,0,0,0,0,5,0,5,0,0,0,0,0,0,0,0,50,0.9977787649933363,0.0,0.0,0.0,0.002221235006663705,0.0,0.002221235006663705
05340,743,32891,633,7,3,48,0,41,0,41,11,0,0,0,0,0,0,0,50,0.8667563930013459,0.009421265141318977,0.004037685060565276,0.06460296096904442,0.05518169582772544,0.0,0.05518169582772544
05345,2165,33842,2098,0,5,0,0,43,0,43,19,0,0,0,0,0,0,0,50,0.9778290993071593,0.0,0.0023094688221709007,0.0,0.019861431870669747,0.0,0.019861431870669747
05452,21574,40436,18498,542,28,1090,0,950,39,911,327,0,0,0,0,59,0,58,50,0.8725781032724576,0.025122833039770094,0.0012978585334198572,0.050523778622415874,0.04676925929359414,0.001807731528691944,0.044915175674422915
05362,80,38750,80,0,0,0,0,0,0,0,0,0,0,0,0,0,0,0,50,1.0,0.0,0.0,0.0,0.0,0.0,0.0
05403,18761,39755,16401,225,101,947,0,385,19,366,454,9,0,0,0,239,0,0,50,0.8984062683225841,0.012472682692820211,0.005383508341772827,0.05047705346196898,0.0332604871808539,0.0010127391930067693,0.01950855498107777
05448,851,33088,816,0,0,13,0,22,0,22,0,0,0,0,0,0,0,0,50,0.9588719153936546,0.0,0.0,0.01527614571092832,0.025851938895417155,0.0,0.025851938895417155
05477,4476,49829,4263,43,1,30,0,71,0,71,22,0,0,0,0,38,8,0,50,0.9573279714030384,0.009606791778373548,0.00022341376228775692,0.006702412868632708,0.024352100089365506,0.0017873100983020554,0.015862377122430743
05483,1512,34758,1490,0,8,0,0,14,0,14,0,0,0,0,0,0,0,0,50,0.9854497354497355,0.0,0.005291005291005291,0.0,0.009259259259259259,0.0,0.009259259259259259
05495,10262,44436,9490,172,19,213,56,164,0,164,55,0,0,0,0,47,0,0,50,0.9301305788345352,0.016760865328396025,0.0018514909374390957,0.020756187877606705,0.02056129409471838,0.0,0.01598129019684272
05442,414,31875,361,0,3,0,0,22,1,21,28,0,0,0,0,0,0,0,50,0.9396135265700483,0.0,0.007246376811594203,0.0,0.05314009661835749,0.0024154589371980675,0.050724637681159424
05730,344,29712,344,0,0,0,0,0,0,0,0,0,0,0,0,0,0,0,50,1.0,0.0,0.0,0.0,0.0,0.0,0.0
05736,543,28512,543,0,0,0,0,0,0,0,0,0,0,0,0,0,0,0,50,1.0,0.0,0.0,0.0,0.0,0.0,0.0
05737,1021,36250,986,0,0,3,0,0,0,0,32,0,0,0,0,0,0,0,50,0.9970617042115573,0.0,0.0,0.002938295788442703,0.0,0.0,0.0
